{
    "BGD":"বাংলাদেশ",
    "BEL":"België",
    "BFA":"",
    "BGR":"България",
    "BIH":"Bosna i Hercegovina",
    "BRB":"",
    "WLF":"Uvea mo Futuna",
    "BLM":"Saint-Barthélemy",
    "BMU":"",
    "BRN":"بروني",
    "BOL":"Bolivia",
    "BHR":"البحرين",
    "BDI":"Uburundi",
    "BEN":"Bénin",
    "BTN":"འབྲུག་ཡུལ",
    "JAM":"",
    "BVT":"",
    "BWA":"",
    "WSM":"Amerika Sāmoa",
    "BES":"",
    "BRA":"Brasil",
    "BHS":"",
    "JEY":"",
    "BLR":"Беларусь",
    "BLZ":"",
    "RUS":"Россия",
    "RWA":"",
    "SRB":"Србија",
    "TLS":"Timor Lorosa'e",
    "REU":"Réunion",
    "TKM":"Türkmenistan",
    "TJK":"Тоҷикистон",
    "ROU":"România",
    "TKL":"",
    "GNB":"Guiné-Bissau",
    "GUM":"Guåhån",
    "GTM":"",
    "SGS":"",
    "GRC":"Ελλάδα",
    "GNQ":"Guinea Ecuatorial",
    "GLP":"",
    "JPN":"日本",
    "GUY":"",
    "GGY":"",
    "GUF":"Guyane",
    "GEO":"საქართველო",
    "GRD":"",
    "GBR":"",
    "GAB":"République gabonaise",
    "SLV":"",
    "GIN":"Guinée",
    "GMB":"",
    "GRL":"Kalaallit Nunaat",
    "GIB":"",
    "GHA":"",
    "OMN":"عمان",
    "TUN":"تونس",
    "JOR":"الأردن",
    "HRV":"Hrvatska",
    "HTI":"Haïti",
    "HUN":"Magyarország",
    "HKG":"香港",
    "HND":"",
    "HMD":"",
    "VEN":"",
    "PRI":"",
    "PSE":"فلسطين",
    "PLW":"Belau",
    "PRT":"",
    "SJM":"",
    "PRY":"Paraguái",
    "IRQ":"العراق",
    "PAN":"Panamá",
    "PYF":"Polynésie française",
    "PNG":"",
    "PER":"Perú",
    "PAK":"پاکستان",
    "PHL":"Pilipinas",
    "PCN":"",
    "POL":"Polska",
    "SPM":"Saint-Pierre et Miquelon",
    "ZMB":"",
    "ESH":"الجمهورية العربية الصحراوية الديمقراطية‎",
    "EST":"Eesti",
    "EGY":"مصر",
    "ZAF":"Suid-Afrika",
    "ECU":"",
    "ITA":"Italia",
    "VNM":"Việt Nam",
    "SLB":"",
    "ETH":"ኢትዮጵያ",
    "SOM":"Soomaaliya",
    "ZWE":"",
    "SAU":"السعودية",
    "ESP":"España",
    "ERI":"إريتريا",
    "MNE":"Crna Gora",
    "MDA":"",
    "MDG":"Madagasikara",
    "MAF":"",
    "MAR":"المغرب",
    "MCO":"",
    "UZB":"O‘zbekiston",
    "MMR":"Myanma",
    "MLI":"",
    "MAC":"澳門",
    "MNG":"Монгол улс",
    "MHL":"Aorōkin M̧ajeļ",
    "MKD":"Македонија",
    "MUS":"Maurice",
    "MLT":"",
    "MWI":"Malaŵi",
    "MDV":"Dhivehi Raajje",
    "MTQ":"Fort-de-France",
    "MNP":"Notte Mariånas",
    "MSR":"",
    "IMN":"",
    "UGA":"",
    "TZA":"",
    "MYS":"",
    "MEX":"México",
    "ISR":"ישראל",
    "FRA":"",
    "IOT":"",
    "SHN":"",
    "FIN":"Suomi",
    "FJI":"Viti",
    "FLK":"",
    "FSM":"",
    "FRO":"Føroyar",
    "NIC":"",
    "NLD":"Nederland",
    "NOR":"Norge",
    "NAM":"",
    "VUT":"",
    "NCL":"Nouvelle-Calédonie",
    "NER":"",
    "NFK":"Norf'k Ailen",
    "NGA":"Nijeriya",
    "NZL":"Aotearoa",
    "NPL":"नेपाल",
    "NRU":"Naoero",
    "NIU":"",
    "COK":"",
    "XKX":"Kosova, Косово",
    "CIV":"Côte d'Ivoire",
    "CHE":"Schweiz",
    "COL":"",
    "CHN":"中国",
    "CMR":"",
    "CHL":"",
    "CCK":"",
    "CAN":"",
    "COG":"",
    "CAF":"République Centrafricaine",
    "COD":"",
    "CZE":"Česko",
    "CYP":"Κύπρος",
    "CXR":"",
    "CRI":"",
    "CUW":"Curaçao",
    "CPV":"Cabo Verde",
    "CUB":"",
    "SWZ":"eSwatini",
    "SYR":"سوريا",
    "SXM":"",
    "KGZ":"Кыргызстан",
    "KEN":"",
    "SSD":"",
    "SUR":"",
    "KIR":"",
    "KHM":"កម្ពុជា",
    "KNA":"",
    "COM":"جزر القمر",
    "STP":"",
    "SVK":"Slovensko",
    "KOR":"한국",
    "SVN":"Slovenija",
    "PRK":"조선 / 朝鮮",
    "KWT":"دولة الكويت",
    "SEN":"Sénégal",
    "SMR":"",
    "SLE":"",
    "SYC":"Sesel",
    "KAZ":"Қазақстан",
    "CYM":"",
    "SGP":"",
    "SWE":"Sverige",
    "SDN":"السودان",
    "DOM":"República Dominicana",
    "DMA":"",
    "DJI":"",
    "DNK":"Danmark",
    "VGB":"",
    "DEU":"Deutschland",
    "YEM":"اليمن",
    "DZA":"الجزائر",
    "USA":"",
    "URY":"",
    "MYT":"",
    "UMI":"",
    "LBN":"لبنان",
    "LCA":"",
    "LAO":"ປະເທດລາວ",
    "TUV":"",
    "TWN":"中華民國",
    "TTO":"",
    "TUR":"Türkiye",
    "LKA":"ශ්‍රී ලංකාව",
    "LIE":"",
    "LVA":"Latvija",
    "TON":"",
    "LTU":"Lietuva",
    "LUX":"Luxemburg",
    "LBR":"",
    "LSO":"",
    "THA":"ประเทศไทย",
    "ATF":"",
    "TGO":"",
    "TCD":"Tchad",
    "TCA":"",
    "LBY":"ليبيا",
    "VAT":"E Civitate Vaticana",
    "VCT":"",
    "ARE":"الإمارات العربية المتحدة",
    "AND":"",
    "ATG":"",
    "AFG":"افغانستان",
    "AIA":"",
    "VIR":"",
    "ISL":"Ísland",
    "IRN":"ایران",
    "ARM":"Հայաստան",
    "ALB":"Shqipëria",
    "AGO":"Ngola",
    "ATA":"",
    "ASM":"",
    "ARG":"",
    "AUS":"",
    "AUT":"Österreich",
    "ABW":"",
    "IND":"भारत",
    "ALA":"",
    "AZE":"Azərbaycan",
    "IRL":"Éire",
    "IDN":"",
    "UKR":"Ukraїna",
    "QAT":"قطر",
    "MOZ":"Moçambique"
}
