{
    "dependencies": [
         {
             "name": "Swinject",
             "project_url": "https://github.com/Swinject/Swinject",
             "license_name": "MIT",
             "copyright_notice": "Copyright (c) 2015 Swinject Contributors",
             "changed_source_code": false,
             "source_code_changes": null
         },
         {
             "name": "analytics-ios",
             "project_url": "https://github.com/segmentio/analytics-ios",
             "license_name": "MIT",
             "copyright_notice": "Copyright (c) 2016 Segment.io, Inc.",
             "changed_source_code": false,
             "source_code_changes": null
         },
         {
            "name": "Open CV",
            "project_url": "https://sourceforge.net/projects/opencvlibrary/files/3.4.5/opencv-3.4.5-ios-framework.zip/download",
            "license_name": "3-clause BSD License",
            "copyright_notice": "Copyright (C) 2015-2016, OpenCV Foundation",
            "changed_source_code": false,
            "source_code_changes": null
         },
         {
            "name": "NFCPassportReader",
            "project_url": "https://github.com/AndyQ/NFCPassportReader",
            "license_name": "MIT",
            "copyright_notice": "Copyright (c) 2019 Andy Qua",
            "changed_source_code": true,
            "source_code_changes": null
         }
    ],
    "licenses": [
         {
             "name": "MIT",
             "file": "onfido_licenses_mit.txt"
         },
         {
             "name": "3-clause BSD License",
             "file": "onfido_licenses_3_clause_bsd.txt"
         }
    ]
}
